日期,开盘价,收盘价,最高价,最低价,成交量,PPVPI双向快冲击,PPVPI双向慢趋势,自适应消退率
2024-01-02,1000.0,1000.0,1006.77,993.23,1394591929,79.63,0.0,0.05
2024-01-03,1000.0,1072.94,1080.23,993.21,1303160999,48.3,24.64,0.05
2024-01-04,1072.94,1212.53,1222.43,1064.18,1213599109,149.13,63.4,0.05
2024-01-05,1212.53,1428.33,1444.99,1198.39,1374062474,299.5,128.83,0.05
2024-01-08,1428.33,1636.47,1652.57,1414.28,1261564629,416.31,220.16,0.05
2024-01-09,1636.47,1439.98,1649.05,1428.91,1243871445,162.4,277.58,0.05
2024-01-10,1439.98,1595.28,1611.06,1425.73,1162830462,250.19,345.09,0.05
2024-01-11,1595.28,1395.97,1611.27,1381.97,1312907085,51.05,344.92,0.1482
2024-01-12,1395.97,1527.91,1538.4,1386.39,1240128000,141.31,386.6,0.05
2024-01-15,1527.91,1578.12,1591.25,1515.19,1120065549,151.53,426.59,0.05
2024-01-16,1578.12,1451.88,1591.01,1440.02,1297709627,22.24,429.64,0.0801
2024-01-17,1451.88,1858.29,1881.55,1433.71,1206859569,362.61,495.69,0.05
2024-01-18,1858.29,1805.62,1892.07,1772.8,1782971395,297.9,507.73,0.1522
2024-01-19,1805.62,1799.76,1818.91,1786.52,1255697286,235.01,564.74,0.05
2024-01-22,1799.76,2264.11,2309.79,1763.45,1619250723,585.51,678.6,0.05
2024-01-23,2264.11,1993.75,2295.13,1966.43,1419381432,295.72,698.03,0.135
2024-01-24,1993.75,1827.29,2029.7,1794.34,1643522987,157.33,669.96,0.1662
2024-01-25,1827.29,1572.73,1855.92,1548.1,1922044067,25.46,547.28,0.272
2024-01-26,1572.73,1657.62,1673.53,1557.63,1797876556,80.18,577.45,0.05
2024-01-29,1657.62,1845.44,1869.34,1636.15,1759535524,221.83,623.61,0.05
2024-01-30,1845.44,2067.64,2094.59,1821.39,1450250336,373.15,694.5,0.05
2024-01-31,2067.64,2233.34,2260.52,2042.47,1705586872,450.24,783.1,0.05
2024-02-01,2233.34,2145.24,2265.29,2114.55,1587590875,293.91,851.33,0.05
2024-02-02,2145.24,2585.24,2659.87,2083.32,1912868246,614.95,970.29,0.05
2024-02-05,2585.24,2775.25,2858.1,2508.07,2244563057,667.8,1107.46,0.05
2024-02-06,2775.25,2305.44,2874.94,2222.63,2325198612,425.85,879.59,0.35
2024-02-07,2305.44,1830.86,2345.83,1798.79,2529452922,117.3,713.56,0.3119
2024-02-08,1830.86,1687.7,1856.45,1664.11,2421285003,7.74,679.96,0.1533
2024-02-19,1687.7,1576.79,1705.55,1560.11,2168418583,-63.57,640.35,0.1284
2024-02-20,1576.79,1522.23,1590.12,1509.37,1671889182,-110.13,632.36,0.05
2024-02-21,1522.23,1431.77,1552.49,1403.31,2103839547,-120.22,551.99,0.1395
2024-02-22,1431.77,1275.5,1442.64,1265.82,1683806464,-185.03,460.53,0.139
2024-02-23,1275.5,1199.35,1285.4,1190.04,1860387819,-207.53,406.88,0.05
2024-02-26,1199.35,1263.01,1275.47,1187.52,1979917750,-100.28,363.29,0.05
2024-02-27,1263.01,1065.53,1279.46,1051.64,1861608025,-177.09,242.62,0.2242
2024-02-28,1065.53,1308.89,1332.9,1045.98,2661208414,80.71,228.18,0.05
2024-02-29,1308.89,1050.78,1331.08,1032.97,2015288922,-83.81,134.6,0.3116
2024-03-01,1050.78,931.1,1058.88,923.93,1923300642,-153.34,84.44,0.1047
2024-03-04,931.1,840.6,938.46,833.95,1931167068,-192.3,32.9,0.05
2024-03-05,840.6,830.81,847.16,824.33,1900967975,-154.0,-15.19,0.05
2024-03-06,830.81,887.41,895.29,823.43,1685218392,-64.17,-48.42,0.05
2024-03-07,887.41,985.15,995.82,877.8,1847935162,44.78,-59.62,0.05
2024-03-08,985.15,839.3,993.19,832.45,1569893171,-80.13,-80.56,0.1131
2024-03-11,839.3,729.18,848.84,720.9,1800709005,-165.76,-105.05,0.2233
2024-03-12,729.18,694.05,735.58,687.96,2077241255,-163.86,-142.09,0.0904
2024-03-13,694.05,769.37,774.73,689.21,1841548014,-62.66,-167.97,0.05
2024-03-14,769.37,826.51,835.11,761.36,1804887896,5.58,-179.07,0.05
2024-03-15,826.51,707.18,833.86,700.89,1743885747,-99.3,-193.52,0.0991
2024-03-18,707.18,618.22,712.52,613.55,2028524859,-175.3,-206.49,0.1705
2024-03-19,618.22,722.04,726.9,614.06,1901879666,-51.98,-225.98,0.05
2024-03-20,722.04,612.26,725.97,608.93,1765371048,-132.17,-255.56,0.05
2024-03-21,612.26,636.75,641.04,608.13,1871508822,-85.44,-277.81,0.05
2024-03-22,636.75,806.44,814.54,630.35,1968972906,77.55,-271.11,0.05
2024-03-25,806.44,919.9,928.75,798.68,1883226602,162.44,-242.54,0.05
2024-03-26,919.9,822.54,927.0,816.18,1696947583,46.98,-224.45,0.05
2024-03-27,822.54,1091.85,1102.9,814.22,1667734524,260.87,-169.02,0.05
2024-03-28,1091.85,985.66,1104.34,974.39,1754880468,103.18,-117.53,0.1281
2024-03-29,985.66,860.92,992.31,855.12,1638321011,-42.87,-96.21,0.1179
2024-04-01,860.92,782.19,868.43,775.37,1893118805,-131.26,-86.55,0.2303
2024-04-02,782.19,883.35,888.34,777.78,1849791146,-30.55,-86.1,0.05
2024-04-03,883.35,948.73,954.46,878.01,1785932417,26.56,-77.83,0.05
2024-04-08,948.73,1131.38,1141.34,940.38,1891917380,175.25,-43.87,0.05
2024-04-09,1131.38,1010.17,1139.11,1003.27,1586889835,35.12,-24.94,0.0976
2024-04-10,1010.17,1168.26,1179.49,1000.46,1645551445,157.28,10.98,0.05
2024-04-11,1168.26,1116.16,1177.96,1106.89,1600329872,78.75,37.41,0.05
2024-04-12,1116.16,1245.16,1255.49,1106.9,1574697285,167.31,77.86,0.05
2024-04-15,1245.16,1208.56,1262.77,1191.46,2143270568,109.05,99.51,0.199
2024-04-16,1208.56,1425.43,1441.61,1194.84,2107772834,266.65,158.78,0.05
2024-04-17,1425.43,1232.2,1442.29,1217.62,1967682112,74.35,157.84,0.2587
2024-04-18,1232.2,1188.33,1245.58,1175.43,1961162314,11.45,176.88,0.05
2024-04-19,1188.33,1276.79,1286.73,1179.08,1759480582,76.08,200.71,0.05
2024-04-22,1276.79,1280.0,1292.42,1264.4,1700813754,60.22,219.78,0.05
2024-04-23,1280.0,1342.65,1352.6,1270.52,1608127329,99.63,243.02,0.05
2024-04-24,1342.65,1190.97,1352.01,1182.67,1547661337,-35.72,226.69,0.1181
2024-04-25,1190.97,1132.26,1199.95,1123.72,1503566841,-82.01,214.28,0.05
2024-04-26,1132.26,1056.22,1146.38,1043.04,2190551622,-94.53,150.75,0.2509
2024-04-29,1056.22,1011.19,1070.28,997.72,2430117004,-92.09,103.28,0.215
2024-04-30,1011.19,1090.15,1096.54,1005.26,2103096561,-3.37,93.52,0.05
2024-05-06,1090.15,917.37,1097.0,911.6,2179481768,-131.31,48.68,0.2102
2024-05-07,917.37,871.07,921.64,867.02,1881922090,-142.74,13.81,0.05
2024-05-08,871.07,965.11,970.94,865.81,1687491196,-29.73,-5.16,0.05
2024-05-09,965.11,815.01,973.21,808.18,1755524578,-144.85,-40.13,0.1782
2024-05-10,815.01,829.35,835.62,808.85,1828420664,-100.02,-70.64,0.05
2024-05-13,829.35,904.94,911.49,823.35,1819690174,-9.43,-85.63,0.05
2024-05-14,904.94,885.39,910.36,880.09,1649696439,-16.84,-97.77,0.05
2024-05-15,885.39,1022.82,1029.64,879.49,1560143152,108.93,-86.1,0.05
2024-05-16,1022.82,909.59,1029.48,903.66,1755640287,-4.12,-86.29,0.05
2024-05-17,909.59,808.65,917.65,801.49,1841200761,-99.32,-92.03,0.1618
2024-05-20,808.65,719.33,813.9,714.66,2041727535,-164.03,-116.64,0.1063
2024-05-21,719.33,819.87,824.38,715.37,1630484411,-48.22,-131.92,0.05
2024-05-22,819.87,732.66,824.43,728.58,1680509025,-111.1,-156.24,0.05
2024-05-23,732.66,946.6,954.56,726.5,1730620461,94.12,-147.53,0.05
2024-05-24,946.6,1126.69,1137.15,937.81,1512267189,234.84,-108.16,0.05
2024-05-27,1126.69,950.6,1136.43,942.39,1559679232,31.56,-80.96,0.1537
2024-05-28,950.6,1055.59,1062.52,944.36,1509243230,108.78,-53.19,0.05
2024-05-29,1055.59,945.35,1062.31,939.33,1448288548,-11.58,-43.07,0.05
2024-05-30,945.35,1052.22,1060.09,938.28,1477393802,74.03,-21.81,0.05
2024-05-31,1052.22,1090.26,1096.72,1045.99,1414463149,87.68,2.58,0.05
2024-06-03,1090.26,1078.1,1098.54,1069.91,1698989908,55.57,22.53,0.05
2024-06-04,1078.1,984.99,1086.9,976.95,1529554122,-39.07,24.07,0.1304
2024-06-05,984.99,1148.76,1156.48,978.37,1416659995,102.14,46.62,0.05
2024-06-06,1148.76,1319.92,1332.01,1138.24,1795638563,227.71,92.21,0.05
2024-06-07,1319.92,1468.99,1483.77,1306.64,1513125702,311.23,157.77,0.05
2024-06-11,1468.99,1485.04,1499.21,1454.97,1479929527,262.74,222.31,0.05
2024-06-12,1485.04,1400.47,1492.46,1393.47,1394831394,132.72,267.75,0.05
2024-06-13,1400.47,1540.88,1551.08,1391.21,1459305317,217.37,323.52,0.05
2024-06-14,1540.88,1526.93,1553.31,1514.62,1696285768,157.64,369.29,0.05
2024-06-17,1526.93,1508.8,1536.26,1499.58,1449184610,105.37,403.43,0.05
2024-06-18,1508.8,1443.49,1517.59,1435.08,1426336810,24.08,419.41,0.05
2024-06-19,1443.49,1604.1,1613.79,1434.76,1336788204,153.9,450.2,0.05
2024-06-20,1604.1,1756.97,1772.44,1589.98,1445261086,258.73,498.24,0.05
2024-06-21,1756.97,1756.25,1769.24,1743.99,1260743395,213.95,542.3,0.05
2024-06-24,1756.25,1998.53,2018.64,1738.58,1433524739,383.59,614.93,0.05
2024-06-25,1998.53,2160.99,2182.29,1978.83,1331176507,455.3,705.69,0.05
2024-06-26,2160.99,1896.74,2184.18,1876.38,1366399505,215.56,681.18,0.1658
2024-06-27,1896.74,2064.73,2078.09,1884.47,1336273522,311.69,753.03,0.05
2024-06-28,2064.73,2070.34,2090.91,2044.21,1503894327,255.9,814.44,0.05
2024-07-01,2070.34,1924.52,2089.98,1906.27,1397996156,120.61,803.91,0.106
2024-07-02,1924.52,2001.97,2015.7,1911.32,1393546026,162.28,839.69,0.05
2024-07-03,2001.97,2083.28,2096.74,1989.03,1251720148,205.73,877.55,0.05
2024-07-04,2083.28,2312.74,2335.1,2063.14,1315525752,372.09,940.65,0.05
2024-07-05,2312.74,2212.75,2338.18,2188.41,1295265704,254.06,958.68,0.0813
2024-07-08,2212.75,2378.92,2400.13,2193.02,1327388117,356.41,1022.51,0.05
2024-07-09,2378.92,2156.41,2412.24,2126.21,1541604687,231.02,925.39,0.1886
2024-07-10,2156.41,2155.2,2172.14,2139.48,1431945026,189.32,965.88,0.05
2024-07-11,2155.2,1830.9,2174.61,1814.41,1637950853,13.31,817.59,0.2094
2024-07-12,1830.9,1790.21,1841.2,1780.14,1453032864,-23.43,813.63,0.05
2024-07-15,1790.21,1784.54,1800.05,1774.74,1313289203,-16.35,800.9,0.05
2024-07-16,1784.54,1604.05,1797.98,1591.97,1293412370,-109.01,713.06,0.1158
2024-07-17,1604.05,1562.87,1615.17,1552.04,1383816863,-109.24,672.12,0.05
2024-07-18,1562.87,1430.78,1578.46,1416.5,1362432364,-149.86,580.64,0.1064
2024-07-19,1430.78,1324.59,1444.25,1312.12,1357764535,-165.75,490.35,0.1027
2024-07-22,1324.59,1358.71,1369.28,1314.28,1355366442,-83.2,441.91,0.05
2024-07-23,1358.71,1715.27,1740.84,1338.45,1441220597,263.25,452.02,0.05
2024-07-24,1715.27,1744.44,1760.21,1699.76,1423614720,267.35,477.09,0.05
2024-07-25,1744.44,1713.76,1757.73,1700.7,1324976386,210.62,503.13,0.05
2024-07-26,1713.76,1506.77,1727.28,1494.88,1332684660,34.28,472.49,0.1145
2024-07-29,1506.77,1619.83,1629.81,1497.48,1252750615,131.01,488.82,0.05
2024-07-30,1619.83,1652.78,1663.93,1608.9,1272911189,144.21,508.57,0.05
2024-07-31,1652.78,1487.03,1685.81,1457.31,1972536162,114.94,372.09,0.35
2024-08-01,1487.03,1573.98,1586.81,1474.91,1647346712,169.54,404.45,0.05
2024-08-02,1573.98,1684.74,1701.35,1558.46,1515947101,235.72,449.02,0.05
2024-08-05,1684.74,2015.62,2044.77,1660.38,1710270884,478.53,537.08,0.05
2024-08-06,2015.62,1792.96,2034.99,1775.73,1465793243,230.01,562.95,0.109
2024-08-07,1792.96,1780.64,1804.87,1768.81,1272647602,170.88,609.77,0.05
2024-08-08,1780.64,1705.5,1798.3,1688.59,1366209250,70.42,635.08,0.05
2024-08-09,1705.5,1878.11,1894.1,1690.98,1318813264,203.36,674.76,0.05
2024-08-12,1878.11,1896.97,1906.49,1868.68,1174948228,186.29,710.67,0.05
2024-08-13,1896.97,1747.3,1908.4,1736.77,1123886604,28.72,718.58,0.05
2024-08-14,1747.3,1944.38,1956.41,1736.49,1087628025,197.43,746.95,0.05
2024-08-15,1944.38,1734.61,1965.83,1715.47,1402706434,46.65,687.96,0.1343
2024-08-16,1734.61,1739.02,1747.79,1725.87,1370978262,49.03,689.99,0.05
2024-08-19,1739.02,1666.51,1751.61,1654.44,1353949006,-11.34,677.85,0.05
2024-08-20,1666.51,1876.61,1893.55,1651.46,1370794832,183.69,692.91,0.05
2024-08-21,1876.61,1957.65,1968.95,1865.79,1206126797,237.1,720.55,0.05
2024-08-22,1957.65,2057.12,2071.56,1943.91,1288104588,294.78,762.34,0.05
2024-08-23,2057.12,1911.21,2069.8,1899.44,1192324065,129.46,781.75,0.05
2024-08-26,1911.21,1937.74,1948.99,1900.11,1224580527,138.09,799.64,0.05
2024-08-27,1937.74,2089.24,2099.73,1928.02,1218038275,254.38,834.86,0.05
2024-08-28,2089.24,2101.02,2114.01,2076.33,1181942416,231.95,869.07,0.05
2024-08-29,2101.02,2004.04,2121.88,1984.14,1458807923,158.62,845.42,0.1034
2024-08-30,2004.04,1817.94,2038.18,1786.98,2075196383,103.35,714.59,0.2204
2024-09-02,1817.94,2068.5,2091.94,1797.34,1700998304,304.38,764.13,0.05
2024-09-03,2068.5,1819.76,2084.58,1805.62,1420791845,82.03,737.73,0.106
2024-09-04,1819.76,1836.32,1849.78,1806.42,1327285828,85.57,750.75,0.05
2024-09-05,1836.32,1667.88,1847.55,1657.68,1249899567,-45.2,713.08,0.0824
2024-09-06,1667.88,1801.31,1817.05,1653.31,1284111897,86.85,714.46,0.05
2024-09-09,1801.31,1869.6,1884.56,1786.9,1285802460,145.12,724.48,0.05
2024-09-10,1869.6,1754.63,1886.43,1738.84,1304615284,36.75,717.88,0.05
2024-09-11,1754.63,1714.52,1766.28,1703.13,1213337003,10.77,703.75,0.05
2024-09-12,1714.52,1826.78,1841.35,1700.84,1222831172,121.87,704.91,0.05
2024-09-13,1826.78,1940.4,1954.01,1813.97,1251973911,216.54,723.86,0.05
2024-09-18,1940.4,1851.7,1956.29,1836.54,1198772930,119.93,731.77,0.05
2024-09-19,1851.7,1741.47,1878.59,1716.18,1545976429,88.76,652.71,0.1615
2024-09-20,1741.47,1721.95,1753.62,1709.93,1413102201,67.59,654.36,0.05
2024-09-23,1721.95,1663.46,1735.36,1650.51,1274397702,17.83,645.64,0.05
2024-09-24,1663.46,1460.76,1703.14,1425.92,2334694616,20.5,440.26,0.35
2024-09-25,1460.76,1304.69,1480.08,1287.44,2788687658,-66.95,371.64,0.163
2024-09-26,1304.69,1197.03,1340.5,1164.17,2796588549,-45.06,242.09,0.35
2024-09-27,1197.03,1121.23,1227.5,1092.69,3129480348,-34.53,155.76,0.35
2024-09-30,1121.23,1068.74,1169.65,1022.59,5440695968,-29.26,98.01,0.35
2024-10-08,1068.74,1177.89,1238.49,1013.76,6440353355,97.94,79.95,0.35
2024-10-09,1177.89,1683.56,1751.6,1130.28,5286800186,516.97,166.58,0.05
2024-10-10,1683.56,1826.6,1881.19,1633.25,4206823991,549.37,277.23,0.05
2024-10-11,1826.6,2124.56,2174.49,1783.67,3118635102,698.09,426.47,0.05
2024-10-14,2124.56,1718.68,2170.15,1681.8,3230959095,290.24,428.44,0.2699
2024-10-15,1718.68,1956.48,1992.44,1687.09,3031160622,413.66,542.82,0.05
2024-10-16,1956.48,1990.51,2017.37,1930.08,2667174688,346.01,644.5,0.05
2024-10-17,1990.51,2134.86,2164.13,1963.22,2763553923,386.77,748.09,0.05
2024-10-18,2134.86,1868.8,2226.89,1788.24,3713867206,264.97,603.83,0.35
2024-10-21,1868.8,1685.87,1902.27,1655.68,3646870851,75.43,610.44,0.1247
2024-10-22,1685.87,1616.43,1703.88,1599.16,3220441453,6.98,609.46,0.0976
2024-10-23,1616.43,1574.66,1636.13,1555.47,3365521023,-42.27,616.94,0.05
2024-10-24,1574.66,1708.28,1721.38,1562.58,2632113208,76.41,631.87,0.05
2024-10-25,1708.28,1500.01,1731.62,1479.52,3051081223,-47.25,547.27,0.1677
2024-10-28,1500.01,1394.93,1513.07,1382.78,3310727897,-95.42,490.35,0.1125
2024-10-29,1394.93,1559.91,1579.78,1377.16,3521532896,70.73,489.18,0.05
2024-10-30,1559.91,1632.08,1649.84,1542.93,3220688993,132.93,499.15,0.05
2024-10-31,1632.08,1490.54,1652.63,1471.77,3894428017,21.79,468.76,0.0996
2024-11-01,1490.54,1536.05,1555.5,1471.66,4195744686,66.44,469.61,0.05
2024-11-04,1536.05,1318.04,1552.01,1304.35,3090240633,-55.9,373.95,0.2123
2024-11-05,1318.04,1089.8,1345.45,1067.14,4035378528,-138.06,227.86,0.35
2024-11-06,1089.8,1142.8,1159.21,1074.15,4462637915,-62.86,205.66,0.05
2024-11-07,1142.8,1072.96,1170.33,1047.11,4560326689,-49.33,122.3,0.35
2024-11-08,1072.96,1186.18,1205.51,1055.48,4587563114,64.07,122.12,0.05
2024-11-11,1186.18,1029.52,1203.34,1014.63,4009988487,-59.04,88.56,0.1883
2024-11-12,1029.52,1164.07,1183.97,1011.93,4041271350,71.35,92.72,0.05
2024-11-13,1164.07,1031.55,1176.82,1020.25,3256281290,-46.44,77.99,0.0834
2024-11-14,1031.55,1198.46,1215.6,1016.79,3034524151,107.95,90.5,0.05
2024-11-15,1198.46,1369.14,1389.67,1180.49,3099814604,239.48,129.67,0.05
2024-11-18,1369.14,1487.81,1512.19,1346.71,3475285072,300.52,187.29,0.05
2024-11-19,1487.81,1282.67,1510.38,1263.21,2923802486,91.85,190.82,0.1954
2024-11-20,1282.67,1126.87,1294.62,1116.37,2794323970,-55.83,182.7,0.1172
2024-11-21,1126.87,1089.24,1134.81,1081.57,2687815306,-85.77,175.0,0.05
2024-11-22,1089.24,1453.49,1483.24,1066.95,3122599872,239.12,214.37,0.05
2024-11-25,1453.49,1457.32,1475.56,1435.3,2624437217,202.42,254.9,0.05
2024-11-26,1457.32,1493.74,1506.22,1445.15,2297180944,195.95,297.79,0.05
2024-11-27,1493.74,1300.02,1519.75,1277.39,2591604470,42.85,257.18,0.2509
2024-11-28,1300.02,1431.71,1443.13,1289.65,2604656733,140.95,290.75,0.05
2024-11-29,1431.71,1247.72,1455.79,1226.73,2937208984,-7.39,255.11,0.2022
2024-12-02,1247.72,1113.5,1259.76,1102.75,3173453634,-102.84,216.34,0.1578
2024-12-03,1113.5,1125.88,1134.77,1104.7,3061858882,-76.59,202.47,0.05
2024-12-04,1125.88,1236.75,1247.48,1116.11,2961203183,34.62,202.13,0.05
2024-12-05,1236.75,1181.64,1243.95,1174.77,2625098897,-12.94,194.59,0.05
2024-12-06,1181.64,1034.28,1196.5,1021.27,3299133622,-109.36,143.64,0.1839
2024-12-09,1034.28,1106.78,1116.3,1025.38,3094674022,-23.15,129.93,0.05
2024-12-10,1106.78,1066.98,1125.65,1048.79,3867016212,-37.19,104.18,0.1262
2024-12-11,1066.98,994.42,1073.97,987.9,3174112798,-86.04,80.46,0.05
2024-12-12,994.42,857.67,1003.02,850.25,3256445938,-174.56,32.23,0.148
2024-12-13,857.67,1095.2,1105.71,849.44,3628900179,67.1,28.1,0.05
2024-12-16,1095.2,1149.08,1158.68,1086.05,2954924666,111.38,37.7,0.05
2024-12-17,1149.08,1148.75,1158.27,1139.56,2686742752,97.41,51.34,0.05
2024-12-18,1148.75,1002.38,1155.88,996.15,2428322017,-40.67,43.05,0.1064
2024-12-19,1002.38,953.44,1011.72,944.55,2460982337,-75.99,29.42,0.05
2024-12-20,953.44,964.84,972.75,945.63,2392479093,-51.87,16.72,0.05
2024-12-23,964.84,1034.39,1044.17,955.72,2658535952,19.66,14.74,0.05
2024-12-24,1034.39,885.21,1042.74,878.06,2247489237,-106.66,-8.13,0.1739
2024-12-25,885.21,904.06,910.67,878.73,2249687543,-69.7,-26.24,0.05
2024-12-26,904.06,831.19,909.26,826.4,2021016648,-115.96,-52.85,0.05
2024-12-27,831.19,817.74,838.1,810.95,2367189073,-102.85,-79.4,0.05
2024-12-30,817.74,747.5,822.86,742.82,2150447252,-139.66,-112.85,0.05
2024-12-31,747.5,1029.72,1043.38,737.58,2371832201,132.33,-102.61,0.05
2025-01-02,1029.72,1425.08,1454.44,1008.5,2582241417,454.29,-29.22,0.05
2025-01-03,1425.08,1559.19,1579.43,1406.58,2406447630,490.04,69.15,0.05
2025-01-06,1559.19,1549.1,1573.34,1535.04,2040806037,384.75,164.35,0.05
2025-01-07,1549.1,1352.64,1564.42,1339.25,1988686350,143.49,209.14,0.1448
2025-01-08,1352.64,1565.17,1588.56,1332.42,2293810930,278.65,286.52,0.05
2025-01-09,1565.17,1603.82,1614.58,1554.67,1906644725,245.6,358.22,0.05
2025-01-10,1603.82,1875.42,1896.8,1585.53,1972612145,418.86,456.56,0.05
2025-01-13,1875.42,1782.01,1892.47,1765.81,1768055567,250.94,531.07,0.05
2025-01-14,1782.01,1619.08,1814.8,1589.3,2347497501,187.8,431.29,0.35
2025-01-15,1619.08,1743.94,1754.56,1609.22,2032213913,242.49,501.45,0.05
2025-01-16,1743.94,1725.06,1765.94,1703.3,2155185949,169.33,555.74,0.05
2025-01-17,1725.06,1549.41,1741.98,1534.22,1870527176,2.99,546.42,0.1033
2025-01-20,1549.41,1427.06,1559.79,1417.5,1972642145,-86.96,514.01,0.1008
2025-01-21,1427.06,1394.37,1437.42,1384.24,1954377870,-101.85,496.22,0.05
2025-01-22,1394.37,1504.88,1514.43,1385.52,1823359349,16.14,488.74,0.05
2025-01-23,1504.88,1522.07,1540.04,1487.11,2320475347,39.12,482.96,0.05
2025-01-24,1522.07,1337.0,1535.45,1325.25,2041319297,-77.37,414.38,0.1386
2025-01-27,1337.0,1420.03,1432.01,1325.73,1919841765,18.18,401.85,0.05
2025-02-05,1420.03,1367.71,1431.74,1356.43,2102879732,-16.21,383.92,0.05
2025-02-06,1367.71,1164.53,1384.86,1149.93,2434072638,-115.24,279.77,0.2292
2025-02-07,1164.53,1064.28,1181.34,1048.92,3118333680,-137.72,202.0,0.1853
2025-02-10,1064.28,949.44,1071.26,943.21,2819632143,-188.06,137.5,0.1211
2025-02-11,949.44,1067.22,1074.35,943.1,2623194711,-41.09,108.31,0.05
2025-02-12,1067.22,922.75,1076.82,914.45,2598886365,-131.72,54.47,0.1657
2025-02-13,922.75,1011.98,1020.23,915.22,2867384417,-19.57,31.55,0.05
2025-02-14,1011.98,881.99,1019.87,875.11,2749884530,-112.5,-5.51,0.1341
2025-02-17,881.99,780.2,888.18,774.72,3104556183,-170.25,-49.56,0.087
2025-02-18,780.2,994.98,1006.55,771.13,2956065311,53.58,-58.6,0.05
2025-02-19,994.98,829.29,1004.66,821.22,2660145527,-93.87,-76.84,0.1847
2025-02-20,829.29,799.66,834.34,794.79,2669408380,-96.47,-103.87,0.05
2025-02-21,799.66,776.41,809.92,766.45,3260430629,-110.39,-113.2,0.241
2025-02-24,776.41,824.32,831.07,770.06,3149314921,-43.38,-132.3,0.05
2025-02-25,824.32,916.47,924.81,816.82,2786806288,49.54,-133.07,0.05
2025-02-26,916.47,759.05,924.18,752.66,2901082264,-103.37,-137.58,0.1698
2025-02-27,759.05,749.28,767.07,741.35,3036596197,-92.19,-158.53,0.05
2025-02-28,749.28,1058.03,1074.22,737.82,2893308234,190.8,-132.77,0.05
2025-03-03,1058.03,979.43,1070.29,968.08,2568901597,92.22,-112.79,0.05
2025-03-04,979.43,874.61,988.52,866.49,2218784617,-22.28,-103.11,0.0949
2025-03-05,874.61,775.11,880.25,770.1,2336993322,-109.72,-115.17,0.05
2025-03-06,775.11,699.29,781.97,693.09,2886627879,-178.2,-122.51,0.2311
2025-03-07,699.29,790.81,796.43,694.32,2739827087,-69.64,-139.55,0.05
2025-03-10,790.81,773.76,796.7,768.0,2365136764,-69.81,-156.42,0.05
2025-03-11,773.76,692.67,780.82,686.35,2307149540,-131.0,-176.33,0.0937
2025-03-12,692.67,756.37,761.14,688.3,2555931102,-51.55,-192.08,0.05
2025-03-13,756.37,853.92,861.98,749.23,2520913537,43.88,-189.96,0.05
2025-03-14,853.92,806.72,865.5,795.78,2878354021,-39.59,-153.69,0.2756
2025-03-17,806.72,784.1,810.77,780.17,2471753817,-52.02,-163.88,0.05
2025-03-18,784.1,677.93,788.22,674.37,2267450146,-139.13,-182.93,0.0837
2025-03-19,677.93,711.78,715.86,674.05,2215869308,-86.18,-202.04,0.05
2025-03-20,711.78,838.04,843.04,707.53,2203447565,38.37,-200.33,0.05
2025-03-21,838.04,1100.83,1114.04,827.99,2527501944,257.89,-157.06,0.05
2025-03-24,1100.83,952.67,1109.54,945.14,2459818900,83.57,-130.9,0.05
2025-03-25,952.67,1005.75,1011.98,946.76,2115488774,105.28,-99.54,0.05
2025-03-26,1005.75,1028.15,1033.29,1000.72,1983373152,96.16,-68.01,0.05
2025-03-27,1028.15,933.67,1038.31,924.44,1966046146,-14.94,-51.39,0.095
2025-03-28,933.67,1083.32,1090.15,927.78,1916429236,105.43,-22.11,0.05
2025-03-31,1083.32,1270.21,1281.92,1073.34,2155190686,239.34,30.88,0.05
2025-04-01,1270.21,1133.07,1278.13,1126.01,1916565700,72.44,60.64,0.088
2025-04-02,1133.07,1104.19,1138.76,1098.65,1629407127,23.45,80.74,0.05
2025-04-03,1104.19,1241.57,1252.8,1094.2,1900049603,127.57,114.0,0.05
2025-04-07,1241.57,1747.09,1810.27,1196.68,3331683765,531.78,215.31,0.05
2025-04-08,1747.09,1650.01,1774.33,1624.28,3281467835,378.76,271.25,0.2141
2025-04-09,1650.01,1534.93,1694.76,1493.3,3335326824,235.51,299.42,0.2171
2025-04-10,1534.93,1329.5,1550.58,1315.95,2929009730,35.67,293.83,0.1991
2025-04-11,1329.5,1259.95,1346.41,1243.93,2314362166,-32.02,291.98,0.121
2025-04-14,1259.95,1179.51,1268.11,1171.88,2242206377,-96.9,276.41,0.0969
2025-04-15,1179.51,1244.23,1251.33,1172.78,1894885878,-31.15,275.38,0.05
2025-04-16,1244.23,1241.07,1256.38,1228.95,2029259041,-28.36,269.43,0.05
2025-04-17,1241.07,1211.4,1250.01,1202.68,1750401608,-45.43,256.83,0.05
2025-04-18,1211.4,1235.06,1241.45,1205.14,1623309678,-11.48,246.54,0.05
2025-04-21,1235.06,1110.2,1244.86,1101.4,1807644282,-90.87,201.07,0.1349
2025-04-22,1110.2,1111.54,1116.67,1105.07,1909192231,-66.48,178.02,0.05
2025-04-23,1111.54,1064.26,1117.64,1058.42,2010964375,-85.96,150.22,0.05
2025-04-24,1064.26,1105.06,1111.89,1057.68,1864017283,-25.81,130.87,0.05
2025-04-25,1105.06,1040.77,1111.26,1034.94,1918515805,-65.57,106.35,0.05
2025-04-28,1040.77,1113.19,1118.32,1035.98,1877696337,17.73,95.46,0.05
2025-04-29,1113.19,1088.92,1118.56,1083.66,1740465294,3.46,85.46,0.05
2025-04-30,1088.92,1007.05,1094.34,1002.04,1983040909,-59.8,66.86,0.05
2025-05-06,1007.05,877.85,1012.99,872.67,2222923743,-146.25,24.1,0.1829
2025-05-07,877.85,788.13,886.21,780.62,2419870861,-190.5,-21.37,0.0897
2025-05-08,788.13,726.47,793.59,721.44,2037682148,-202.5,-71.03,0.0893
2025-05-09,726.47,812.16,816.35,722.73,1908031415,-83.26,-104.58,0.05
2025-05-12,812.16,699.25,816.99,695.08,2040233493,-163.31,-137.45,0.1556
2025-05-13,699.25,674.39,703.02,670.76,2064347373,-146.08,-179.53,0.05
2025-05-14,674.39,684.27,691.32,667.44,2220180021,-116.25,-199.48,0.1411
2025-05-15,684.27,792.24,797.01,680.15,1959354766,6.24,-213.99,0.05
2025-05-16,792.24,807.53,811.42,788.42,1803012788,26.05,-218.52,0.05
2025-05-19,807.53,787.71,811.36,783.97,1767191847,7.98,-220.28,0.05
2025-05-20,787.71,659.01,791.9,655.5,1863072933,-114.24,-226.75,0.1049
2025-05-21,659.01,600.03,661.94,597.37,1860649142,-146.64,-253.33,0.05
2025-05-22,600.03,680.9,684.05,597.26,1775296762,-52.42,-266.67,0.05
2025-05-23,680.9,859.06,866.09,675.33,1843480902,109.94,-250.88,0.05
2025-05-26,859.06,843.16,863.75,838.56,1591939629,76.06,-232.9,0.05
2025-05-27,843.16,939.92,944.53,839.03,1574591602,139.97,-200.04,0.05
2025-05-28,939.92,1019.1,1022.82,936.49,1588837484,175.12,-156.02,0.05
2025-05-29,1019.1,911.14,1026.7,904.34,1863598761,26.81,-115.66,0.154
2025-05-30,911.14,1043.51,1048.56,906.73,1850675397,122.5,-78.99,0.05
2025-06-03,1043.51,931.36,1050.11,925.47,1904513774,-9.97,-58.67,0.1034
2025-06-04,931.36,816.63,935.53,812.98,1860237451,-121.14,-62.22,0.1083
2025-06-05,816.63,771.43,821.58,766.75,1991580182,-149.3,-79.27,0.0875
2025-06-06,771.43,833.43,836.48,768.61,1791219275,-73.89,-92.67,0.05
2025-06-09,833.43,753.18,838.21,748.86,2039174951,-134.53,-112.29,0.1096
2025-06-10,753.18,973.42,982.2,746.39,2295133345,78.9,-105.47,0.05
2025-06-11,973.42,851.06,979.68,845.59,2065501123,-42.45,-106.49,0.1109
2025-06-12,851.06,826.19,855.56,821.82,2016423534,-56.82,-116.99,0.05
2025-06-13,826.19,1015.32,1022.37,820.45,2459139565,114.88,-99.56,0.05
2025-06-16,1015.32,872.82,1020.38,868.48,1970741920,-27.45,-99.73,0.05
2025-06-17,872.82,904.57,909.02,868.52,1949822703,0.88,-96.31,0.05
2025-06-18,904.57,831.73,909.27,827.41,1918107593,-64.7,-103.57,0.05
2025-06-19,831.73,1020.76,1028.57,825.37,2022094717,105.56,-84.8,0.05
2025-06-20,1020.76,994.02,1025.82,989.09,1736954743,62.41,-68.38,0.05
2025-06-23,994.02,908.99,1001.47,902.18,1881623802,-28.56,-62.45,0.094
2025-06-24,908.99,855.34,916.72,848.06,2302288967,-82.57,-62.09,0.194
2025-06-25,855.34,831.04,863.63,822.99,2564938859,-100.46,-68.5,0.2029
2025-06-26,831.04,937.68,942.71,826.58,2488218926,7.86,-70.18,0.05
2025-06-27,937.68,977.74,984.8,930.91,2585755607,42.04,-64.29,0.05
2025-06-30,977.74,845.67,983.12,841.02,2285993228,-82.71,-71.62,0.1262
2025-07-01,845.67,777.91,849.45,774.44,2237846256,-127.66,-94.43,0.05
2025-07-02,777.91,801.28,805.36,773.95,2310127873,-84.96,-113.75,0.05
2025-07-03,801.28,694.44,805.05,691.17,2102361419,-164.74,-140.83,0.1055
2025-07-04,694.44,714.16,719.97,688.8,2333007679,-116.04,-169.79,0.05
2025-07-07,714.16,757.28,760.35,711.27,1972789865,-54.06,-188.65,0.05
2025-07-08,757.28,661.78,762.43,657.27,2297959245,-138.97,-199.25,0.1554
2025-07-09,661.78,706.98,711.15,657.87,2437213467,-72.22,-220.8,0.05
2025-07-10,706.98,606.41,711.12,602.86,2580415080,-148.99,-244.6,0.0884
2025-07-11,606.41,706.46,713.27,600.57,3049680678,-49.22,-244.32,0.1217
2025-07-14,706.46,638.72,709.21,636.24,2561901365,-94.59,-266.69,0.05
2025-07-15,638.72,644.87,649.68,633.95,2606500121,-70.93,-284.2,0.05
2025-07-16,644.87,610.47,648.57,606.97,2160112356,-86.97,-302.57,0.05
2025-07-17,610.47,521.67,614.16,518.51,2221269978,-169.54,-308.8,0.1326
2025-07-18,521.67,454.93,524.35,452.59,2347422280,-211.41,-333.66,0.1046
2025-07-21,454.93,420.27,457.05,418.31,2809326067,-221.68,-358.06,0.118
2025-07-22,420.27,418.46,423.49,415.26,3158087459,-208.32,-373.22,0.1416
2025-07-23,418.46,460.24,463.44,415.55,3303486250,-129.73,-410.04,0.05
2025-07-24,460.24,494.59,498.47,456.63,3349439001,-112.92,-392.49,0.1676
2025-07-25,494.59,511.18,514.61,491.27,3065884503,-73.35,-415.47,0.05
2025-07-28,511.18,428.79,514.07,426.37,2722535980,-128.13,-443.08,0.05
2025-07-29,428.79,409.06,432.22,405.79,2769953434,-149.63,-441.32,0.1211
2025-07-30,409.06,548.68,553.81,405.23,2929506473,-3.58,-447.74,0.05
2025-07-31,548.68,854.5,864.2,542.45,3042598319,258.61,-404.11,0.05
2025-08-01,854.5,879.84,886.97,847.57,2437090233,230.38,-350.54,0.05
2025-08-04,879.84,694.07,885.65,689.49,2195442563,-2.65,-303.28,0.1168
2025-08-05,694.07,591.56,697.36,588.76,2350099703,-124.8,-283.63,0.1164
2025-08-06,591.56,532.43,594.41,529.86,2492136389,-180.16,-287.41,0.0988
2025-08-07,532.43,530.78,535.98,527.24,2624637688,-159.81,-309.41,0.05
2025-08-08,530.78,625.1,627.94,528.37,2479649927,-56.57,-318.33,0.05
2025-08-11,625.1,542.55,629.36,538.85,2600298142,-144.49,-312.97,0.1373
2025-08-12,542.55,497.34,546.57,493.66,2538439147,-178.23,-324.42,0.1151
2025-08-13,497.34,487.01,501.32,483.12,2946379999,-188.42,-324.57,0.1644
2025-08-14,487.01,645.25,651.52,482.27,3118687596,-17.59,-337.17,0.05
2025-08-15,645.25,645.26,652.54,637.97,3229188549,-50.13,-304.61,0.1835
2025-08-18,645.26,634.71,652.3,627.78,3870877748,-81.5,-283.79,0.1741
2025-08-19,634.71,730.03,736.16,629.38,3418963978,15.33,-285.3,0.05
2025-08-20,730.03,694.63,739.3,685.81,3258474241,-49.79,-255.58,0.1806
2025-08-21,694.63,653.43,700.37,648.03,3344077436,-77.98,-268.59,0.05
2025-08-22,653.43,707.58,718.04,643.78,3436076257,-81.42,-211.0,0.3154
2025-08-25,707.58,687.03,716.61,678.27,4256786553,-125.23,-187.73,0.277
2025-08-26,687.03,758.85,764.82,681.63,3562116401,-39.31,-201.83,0.05
2025-08-27,758.85,1111.65,1130.21,746.18,4226427635,272.9,-161.25,0.05
2025-08-28,1111.65,1055.05,1131.6,1036.12,3891749358,146.81,-91.76,0.2731
2025-08-29,1055.05,960.14,1066.35,949.86,3686453505,29.89,-69.75,0.1033
2025-09-01,960.14,851.89,969.01,844.02,3602084207,-81.99,-66.12,0.1439
2025-09-02,851.89,1064.68,1080.38,839.32,3738475747,107.69,-43.02,0.05
2025-09-03,1064.68,1170.52,1185.52,1051.04,3159288552,175.68,-5.16,0.05
2025-09-04,1170.52,1586.98,1623.58,1143.52,3492284972,496.07,90.91,0.05
2025-09-05,1586.98,1340.65,1615.93,1316.19,3045335793,210.3,130.35,0.3167
2025-09-08,1340.65,1170.53,1352.46,1160.22,3170522195,15.89,154.64,0.1066
2025-09-09,1170.53,1249.96,1262.35,1158.92,2833048989,64.0,185.96,0.05
2025-09-10,1249.96,1138.89,1260.66,1129.14,2583662925,-53.84,192.72,0.05
2025-09-11,1138.89,1060.84,1161.24,1040.02,3114591989,-74.88,135.72,0.3191
2025-09-12,1060.84,1067.68,1076.73,1051.85,3296706659,-60.85,128.54,0.05
2025-09-15,1067.68,1012.01,1075.23,1004.86,2984095316,-98.45,110.46,0.05
2025-09-16,1012.01,956.37,1020.96,947.91,3180993077,-126.61,82.98,0.05
2025-09-17,956.37,860.36,965.13,852.48,3101714743,-177.09,37.45,0.1143
2025-09-18,860.36,1075.55,1095.55,844.36,4038067860,45.65,29.91,0.05
2025-09-19,1075.55,1061.33,1084.62,1052.38,3041990458,35.26,26.08,0.05
2025-09-22,1061.33,922.98,1071.38,914.24,2646266949,-81.52,4.5,0.124
2025-09-23,922.98,1001.53,1016.45,909.23,3249333798,4.05,-2.52,0.05
2025-09-24,1001.53,854.38,1015.26,842.67,2807388178,-118.28,-27.34,0.2059
2025-09-25,854.38,794.11,861.15,787.82,2807099616,-146.75,-59.14,0.0919
2025-09-26,794.11,915.31,923.16,787.3,2611173988,-12.04,-72.64,0.05
2025-09-29,915.31,818.81,928.34,807.15,2895661465,-95.79,-85.4,0.2067
2025-09-30,818.81,726.92,824.15,722.17,2720585498,-158.26,-114.82,0.1237
2025-10-09,726.92,671.66,735.37,663.85,3460942708,-186.91,-141.43,0.1957
2025-10-10,671.66,896.83,908.66,662.8,3300286084,46.09,-149.26,0.05
2025-10-13,896.83,995.41,1011.73,882.13,3254361853,130.84,-135.43,0.05
2025-10-14,995.41,1284.39,1310.16,975.44,3610976645,359.14,-74.74,0.05
2025-10-15,1284.39,1041.63,1299.47,1029.4,2877040764,77.49,-35.86,0.1869
2025-10-16,1041.63,1000.14,1050.63,991.5,2647025568,18.24,-18.1,0.05
2025-10-17,1000.14,1352.35,1373.4,984.57,2760695128,307.42,44.94,0.05
2025-10-20,1352.35,1151.98,1364.34,1141.77,2389131360,76.07,75.91,0.0982
2025-10-21,1151.98,1009.56,1163.6,999.37,2568874793,-61.41,70.97,0.2092
2025-10-22,1009.56,1088.2,1096.09,1002.24,2321628261,6.12,82.08,0.05
2025-10-23,1088.2,1002.28,1098.33,992.95,2436181328,-74.21,76.49,0.05
2025-10-24,1002.28,904.71,1011.01,896.83,2547754633,-138.09,42.8,0.2053
2025-10-27,904.71,814.08,911.49,807.98,2949333721,-187.57,1.65,0.1731
2025-10-28,814.08,931.47,938.66,807.79,2649522355,-50.99,-17.54,0.05
2025-10-29,931.47,814.71,939.21,807.94,2859824146,-137.3,-47.98,0.1742
2025-10-30,814.71,948.52,956.31,808.02,3112764197,7.47,-58.95,0.05
2025-10-31,948.52,1020.54,1030.44,939.32,3087019988,75.06,-54.52,0.05
2025-11-03,1020.54,912.02,1029.95,903.62,2864121442,-26.65,-61.33,0.05
2025-11-04,912.02,1086.57,1098.14,902.31,2707940001,128.59,-42.03,0.05
2025-11-05,1086.57,979.24,1098.7,968.31,2636191655,14.79,-35.55,0.05
2025-11-06,979.24,857.63,987.4,850.49,2731959716,-99.55,-42.82,0.2012
2025-11-07,857.63,949.19,954.77,852.59,2652413418,-6.18,-44.63,0.05
2025-11-10,949.19,843.98,958.74,835.49,2838924848,-97.18,-58.85,0.1016
2025-11-11,843.98,950.72,958.9,836.72,2603728340,11.24,-60.52,0.05
2025-11-12,950.72,977.56,985.01,943.48,2680583907,33.93,-56.36,0.05
2025-11-13,977.56,834.68,986.87,826.73,2758426168,-100.74,-64.58,0.1867
2025-11-14,834.68,988.54,996.38,828.06,2733922939,48.06,-59.52,0.05
2025-11-17,988.54,1024.94,1032.21,981.53,2664552031,72.06,-47.12,0.05
2025-11-18,1024.94,1096.7,1105.7,1016.52,2707454514,120.11,-23.41,0.05
2025-11-19,1096.7,1040.59,1104.55,1033.14,2446638160,48.21,-7.62,0.05
2025-11-20,1040.59,1236.18,1248.35,1030.35,2459126435,202.34,33.85,0.05
2025-11-21,1236.18,1681.07,1701.41,1221.22,2956696394,543.27,137.79,0.05
2025-11-24,1681.07,1478.64,1695.84,1465.65,2455786597,270.13,208.5,0.0813
2025-11-25,1478.64,1312.41,1489.72,1302.57,2389693037,79.12,233.29,0.142
2025-11-26,1312.41,1221.45,1323.68,1210.97,2266025772,-20.71,242.16,0.1002
2025-11-27,1221.45,1208.16,1231.85,1197.87,2132810782,-41.75,249.91,0.05
2025-11-28,1208.16,1101.54,1216.44,1093.99,2081101632,-118.7,220.24,0.1153
2025-12-01,1101.54,1014.13,1108.64,1007.59,2525557807,-159.7,173.83,0.1317
2025-12-02,1014.13,1149.72,1156.11,1008.49,2131717540,-13.03,162.75,0.05
2025-12-03,1149.72,1252.79,1262.02,1141.24,2300353210,84.82,167.97,0.05
2025-12-04,1252.79,1111.5,1262.19,1103.16,2086082772,-39.32,150.82,0.0829
2025-12-05,1111.5,1014.32,1121.97,1004.76,2382322044,-99.74,114.06,0.1386
2025-12-08,1014.32,913.55,1022.65,906.05,2589703341,-153.96,67.51,0.1479
2025-12-09,913.55,1020.06,1027.05,907.3,2407963452,-28.99,49.05,0.05
2025-12-10,1020.06,970.64,1028.28,962.82,2292818665,-57.12,27.76,0.05
2025-12-11,970.64,1105.32,1114.46,962.61,2413151205,76.15,29.17,0.05
2025-12-12,1105.32,1000.38,1115.05,991.58,2659358995,-17.68,18.06,0.1368
2025-12-15,1000.38,1048.26,1055.77,993.21,2280728516,30.14,18.12,0.05
2025-12-16,1048.26,1216.58,1228.69,1037.83,2316517624,172.4,44.19,0.05
2025-12-17,1216.58,1086.03,1232.38,1071.92,2345538658,38.81,47.21,0.2275
2025-12-18,1086.03,1090.03,1096.27,1079.82,2094722639,32.77,57.25,0.05
2025-12-19,1090.03,945.31,1097.48,938.85,2300109150,-96.91,42.22,0.1012
2025-12-22,945.31,854.92,950.39,850.33,2309035966,-155.8,10.73,0.152
2025-12-23,854.92,800.15,859.87,795.51,2341609819,-174.44,-25.4,0.05
2025-12-24,800.15,733.37,805.11,728.82,2204583062,-197.81,-68.82,0.1062
2025-12-25,733.37,665.2,737.64,661.32,2198620401,-216.74,-118.07,0.091
2025-12-26,665.2,623.51,669.42,619.55,2573846899,-205.04,-171.45,0.05
2025-12-29,623.51,698.41,702.84,619.56,2605402386,-94.02,-207.57,0.05
2025-12-30,698.41,594.26,703.16,590.21,2512718649,-155.68,-250.06,0.05
2025-12-31,594.26,655.77,659.93,590.49,2417346336,-67.3,-276.93,0.05
2026-01-05,655.77,698.04,705.34,648.91,3033262994,-69.57,-232.39,0.293
2026-01-06,698.04,651.62,705.22,644.92,3524851930,-122.6,-225.78,0.2139
2026-01-07,651.62,632.87,656.14,628.48,3352066502,-110.85,-256.28,0.05
2026-01-08,632.87,680.99,686.26,627.98,3289787839,-44.81,-274.2,0.05
2026-01-09,680.99,593.14,687.24,587.69,3635202130,-133.09,-273.77,0.156
2026-01-12,593.14,586.66,599.0,580.86,4179864315,-144.57,-268.77,0.1861
2026-01-13,586.66,857.25,868.01,579.3,4301546557,116.8,-259.55,0.05
2026-01-14,857.25,927.02,940.52,844.77,4822889769,153.23,-226.21,0.0802
2026-01-15,927.02,842.44,934.87,835.31,3507570281,51.75,-209.31,0.05
2026-01-16,842.44,900.83,909.52,834.31,3670854868,85.4,-184.57,0.05
2026-01-19,900.83,811.91,906.88,806.45,3246834625,-14.35,-173.75,0.05
2026-01-20,811.91,937.74,948.0,803.03,3443492417,86.02,-148.29,0.05
2026-01-21,937.74,846.03,946.96,837.71,3159932339,-24.37,-129.6,0.1138
2026-01-22,846.03,782.01,852.49,776.04,3277463711,-84.27,-133.72,0.05
2026-01-23,782.01,757.47,787.64,752.02,3801681537,-104.4,-138.13,0.1063
2026-01-26,757.47,841.69,850.93,749.15,4226187727,-18.26,-140.05,0.05
2026-01-27,841.69,831.22,851.91,821.12,3644139558,-26.05,-142.74,0.05
2026-01-28,831.22,749.98,838.21,743.68,3908713154,-93.47,-156.54,0.05
2026-01-29,749.98,773.59,784.31,739.59,4360161690,-63.84,-162.57,0.0838
2026-01-30,773.59,946.62,961.21,761.67,3784781056,94.82,-148.2,0.05
2026-02-02,946.62,1264.88,1286.1,930.74,3447258675,350.34,-85.45,0.05
2026-02-03,1264.88,1057.09,1280.69,1043.89,3118368096,94.78,-37.68,0.2121
2026-02-04,1057.09,946.25,1067.25,937.16,3192771801,-30.01,-23.74,0.1006
2026-02-05,946.25,1033.33,1041.83,938.47,2837775539,38.98,-5.65,0.05
2026-02-06,1033.33,1123.14,1136.06,1021.45,2688025427,101.67,21.47,0.05
2026-02-09,1123.14,955.6,1129.71,950.01,2721909494,-62.98,18.59,0.223
2026-02-10,955.6,894.77,960.3,890.37,2600551064,-111.1,5.87,0.05
2026-02-11,894.77,916.44,920.86,890.45,2459302755,-76.48,-7.08,0.05
2026-02-12,916.44,847.92,921.6,843.15,2595409514,-121.87,-30.2,0.0932
2026-02-13,847.92,988.26,995.69,841.55,2450404829,21.68,-33.42,0.05
2026-02-24,988.26,876.81,995.8,870.12,2712390344,-75.54,-47.65,0.1149
2026-02-25,876.81,767.06,884.41,760.41,3291585538,-158.21,-74.73,0.1481
2026-02-26,767.06,773.15,778.91,761.34,3050921301,-122.14,-104.71,0.05
2026-02-27,773.15,723.94,778.49,718.94,3129709201,-137.6,-138.46,0.05
2026-03-02,723.94,748.42,755.67,716.92,3959034778,-86.74,-164.84,0.05
2026-03-03,748.42,1169.33,1190.86,734.64,4203562908,295.38,-126.05,0.05
2026-03-04,1169.33,1237.67,1250.73,1156.98,3368892670,307.08,-69.42,0.05
2026-03-05,1237.67,1034.26,1247.65,1025.92,3137474864,69.59,-35.33,0.1287
2026-03-06,1034.26,913.05,1044.42,904.08,2922623130,-59.58,-27.37,0.117
2026-03-09,913.05,1085.03,1098.47,901.74,3585367877,88.35,-3.33,0.05
2026-03-10,1085.03,939.81,1090.73,934.87,3036835217,-58.09,-2.1,0.1899
2026-03-11,939.81,882.19,945.94,876.44,3161981398,-103.81,-14.0,0.05
2026-03-12,882.19,970.76,979.55,874.21,3335078979,-13.08,-16.16,0.05
2026-03-13,970.76,1068.86,1077.59,962.83,3400246853,73.16,-4.3,0.05
2026-03-16,1068.86,1029.43,1079.39,1019.29,3199674211,26.58,2.85,0.05
2026-03-17,1029.43,1259.56,1274.74,1017.03,3011832663,217.44,42.12,0.05
2026-03-18,1259.56,1098.23,1270.51,1088.69,2705419067,41.22,57.01,0.1073
2026-03-19,1098.23,1274.68,1285.87,1088.59,2888558017,179.03,95.66,0.05
2026-03-20,1274.68,1415.42,1431.12,1260.54,2983362940,263.3,152.12,0.05
2026-03-23,1415.42,1869.79,1904.04,1389.5,3587898088,599.65,270.14,0.05
2026-03-24,1869.79,1595.13,1895.35,1573.33,2955598973,288.16,306.97,0.2182
2026-03-25,1595.13,1364.76,1607.22,1354.41,2989823221,59.47,305.29,0.2022
2026-03-26,1364.76,1522.29,1538.81,1349.94,2625864198,163.07,359.21,0.05
2026-03-27,1522.29,1396.19,1545.38,1375.02,2435074360,46.39,349.8,0.1597
2026-03-30,1396.19,1360.77,1408.56,1348.72,2571671903,-4.26,365.04,0.05
2026-03-31,1360.77,1539.67,1558.45,1344.17,2648845143,143.21,396.46,0.05
2026-04-01,1539.67,1297.74,1550.85,1288.31,2542499486,-23.44,321.18,0.2474
2026-04-02,1297.74,1417.89,1432.78,1284.11,2410597281,79.79,338.1,0.05
2026-04-03,1417.89,1524.99,1537.78,1406.0,2162969377,158.39,366.6,0.05
2026-04-07,1524.99,1361.66,1536.25,1351.61,2054291788,6.19,355.47,0.0935
2026-04-08,1361.66,1152.94,1377.87,1139.22,2988347926,-81.94,234.88,0.35
2026-04-09,1152.94,1252.83,1261.14,1145.29,2449143678,17.04,235.79,0.05
2026-04-10,1252.83,1085.05,1263.52,1075.79,2562495345,-100.62,185.66,0.1771
2026-04-13,1085.05,1001.82,1092.85,994.62,2442125106,-151.25,153.06,0.05
2026-04-14,1001.82,883.04,1008.96,876.75,2616518582,-202.04,85.08,0.188
2026-04-15,883.04,935.44,943.93,875.03,2631364867,-112.91,48.35,0.05
2026-04-16,935.44,812.51,942.71,806.2,2546498220,-181.68,-5.82,0.1661
2026-04-17,812.51,831.8,836.59,807.83,2545678832,-121.66,-46.54,0.05
2026-04-20,831.8,749.46,836.77,744.98,2745906021,-160.61,-89.93,0.1104
2026-04-21,749.46,735.17,754.89,729.85,2613626638,-132.88,-131.94,0.05
2026-04-22,735.17,658.61,741.39,653.04,2659225487,-173.29,-168.1,0.1351
2026-04-23,658.61,816.21,825.29,651.29,3008169338,2.96,-186.75,0.05
2026-04-24,816.21,794.48,823.86,787.03,2709677914,-5.84,-199.67,0.05
2026-04-27,794.48,722.86,800.03,717.81,2667612948,-67.16,-209.98,0.0887
2026-04-28,722.86,758.48,764.57,717.06,2770459452,-22.15,-219.37,0.05
2026-04-29,758.48,753.81,767.43,744.91,2883930673,-43.4,-202.79,0.1707
2026-04-30,753.81,711.04,760.13,705.08,3008274002,-83.5,-205.46,0.1176
2026-05-06,711.04,740.18,748.38,703.17,3326026432,-79.17,-180.65,0.2515
2026-05-07,740.18,672.14,745.84,667.0,3257343554,-132.26,-195.6,0.1184
2026-05-08,672.14,758.86,763.6,667.93,3168533184,-32.64,-208.5,0.05
2026-05-11,758.86,745.25,767.27,736.98,3607686388,-70.23,-184.53,0.2427
2026-05-12,745.25,778.28,785.18,738.65,3346033174,-27.05,-194.67,0.05
2026-05-13,778.28,763.28,788.24,753.52,3248606668,-49.68,-187.04,0.1475
2026-05-14,763.28,1055.01,1071.5,751.35,3465142411,209.97,-154.95,0.05
2026-05-15,1055.01,1251.15,1270.22,1038.93,3383567368,341.29,-90.14,0.05
2026-05-18,1251.15,1200.48,1263.83,1188.31,2917002321,231.57,-31.1,0.05
2026-05-19,1200.48,1087.51,1217.12,1072.43,2902278808,78.21,9.3,0.1362
2026-05-20,1087.51,1006.52,1097.38,997.38,2875057533,-20.18,26.7,0.0901
2026-05-21,1006.52,1346.94,1376.88,984.15,3460967713,262.03,84.91,0.05
